"species","lma","zeta","fcr","hmat","fhmat","seed_mass","wood_density","p50_xylem","K_leaf","K_xylem","b_leaf","b_xylem","sm_xylem","a","c","m","n"
"spp1",0.119,0.2,0.47,25.072715356946,0.8,3.8e-05,699.049884779379,-2.16569311264902,5e-17,4e-16,1,1,0,75,6000,1.5,3
"spp2",0.119,0.2,0.47,21.9830044405535,0.8,3.8e-05,491.579767665826,-3.27300132904202,5e-17,4e-16,1,1,0,75,6000,1.5,3
"spp3",0.119,0.2,0.47,10.3962128888816,0.8,3.8e-05,879.917527106591,-3.25010171288159,5e-17,4e-16,1,1,0,75,6000,1.5,3
"spp4",0.119,0.2,0.47,22.2030932409689,0.8,3.8e-05,653.482647123747,-3.31078048923519,5e-17,4e-16,1,1,0,75,6000,1.5,3
"spp5",0.119,0.2,0.47,25.417109336704,0.8,3.8e-05,402.180306846276,-2.08748608990572,5e-17,4e-16,1,1,0,75,6000,1.5,3
